x,y
-0.0001491568806015,-1.88480120436262e-06
0.1083047786695734,-7.923571742731926e-06
0.216825483426617,-4.83187808384832e-05
0.3253148866437349,-0.0001699291655089
0.433803753158287,-0.0003989777890794
0.5422940953761998,-0.0007361017623047
0.6507836514650688,-0.0011870353219428
0.7592711491984652,-0.0017629159422005
0.86775501344254,-0.0024791170009411
0.9762342061918772,-0.0033550106370452
1.0846065845594377,-0.0044156033450463
1.192829193281365,-0.0056810818411835
1.301283662342743,-0.0071927563104892
1.4097336239331395,-0.0089746762182806
1.51816845416326,-0.0110602332072228
1.6265852933515632,-0.0134890140053336
1.734981474214721,-0.0163062853405389
1.843351441437899,-0.019561858588933
1.9516878092677343,-0.0233109376418581
2.0599755591925524,-0.0276180171900925
2.164375052813425,-0.0140656601575853
2.2753196294369187,-0.0075248801276364
2.38392760536886,0.0086866483850964
2.4918006421128043,0.0079343954442507
2.5995270639059007,0.0180759114043104
2.7072355306978864,0.0260732139207121
2.8150858735859905,0.0231883548403095
2.923326259227461,0.0180244025727611
3.0314611623344776,0.0121130813759219
3.139284542058024,0.0109512005758033
3.247816988993077,0.0133899755343671
3.356321237337434,0.0161367641193886
3.4647932421081764,0.0192214464819427
3.573229956683534,0.0226759574482915
3.681623348930409,0.0265365970991723
3.78996812120162,0.0308450727975173
3.898255386383084,0.0356478673360425
4.005827157785929,0.0391362158702753
4.1150202078746565,0.0383897201868604
4.223721405285278,0.0369295675126538
4.332398186782073,0.035218655902078
4.4410441957875,0.0332228785563561
4.548215551937477,0.0291371409767656
4.656799001374528,0.0307964053862077
4.765262821769269,0.0326998041883727
4.873786425563882,0.0348705499068703
4.983281906539271,0.0350006974776266
5.091938717595403,0.0360278162503738
5.200581121346709,0.0372335631854254
5.309211509351189,0.0386346890251179
5.417827270401084,0.0402513655955025
5.526427423920765,0.042102722586821
5.63500953945548,0.0442087016866805
5.743563445075431,0.0465934330179974
5.852327164883277,0.0492101642356259
5.960778252295877,0.0486373550709276
6.069214634438956,0.0479189969691691
6.177633906851766,0.0470325112778714
6.286032479980066,0.0459509714440457
6.394411753520565,0.0446435172711015
6.502765541417024,0.0430740218837875
6.610580348176948,0.0415551824924377
6.718632460877943,0.0398467851546405
6.824456107520171,0.0254142043057219
6.930164711895395,0.0226956140641526
7.040239923458578,0.0265953280117363
7.148086342366645,0.0344938939578189
7.255796426775023,0.0477382386711393
7.357670099278621,0.0805735244056242
7.460172117848617,0.1144671357021079
7.561882416377077,0.1469561926969998
7.668253315233055,0.1649661755804797
7.772013354368479,0.1954803044557074
7.8750309693687806,0.2238615141570321
7.975791040556932,0.2576377857129732
8.068473721523032,0.310747871160957
8.164313376020434,0.3586113112600685
8.265176298976378,0.3973442592231173
8.364971775289568,0.4368736519103063
8.461174011499908,0.4861077069294556
8.56299289170865,0.5228278800373195
8.662596321168888,0.5646989906440116
8.758442366834906,0.6130316404373432
8.85750947380819,0.6547952332593929
8.956605839210207,0.6999940592721435
9.042783957167694,0.7641412482390499
9.118226727000682,0.8411144901651572
9.19657051685621,0.91493833491101
9.274936262255856,0.9879678307417352
9.352441346447131,1.0616859401189616
9.429534718095434,1.1383880469066734
9.506161754568486,1.2134216547604038
9.58512769994421,1.2856286708087952
9.654565334388836,1.3681759217646976
9.736631957353204,1.4391497385117438
9.82337844662965,1.5039996143173846
9.891960862974775,1.584914051928178
9.959449033803672,1.6685040717258393
10.026642844221165,1.7530508166801697
10.096226546907294,1.8332434957868773
10.157350032437066,1.921038075805633
10.21944000299465,2.008515968543538
10.291802800866416,2.0884437372629194
10.365006890010257,2.168232595476037
10.439409162417292,2.2463259270354503
10.517879264903874,2.320819223986264
10.588672932691294,2.4010299362720984
10.670266312012895,2.472438272017481
10.750107213314305,2.5456999912970057
10.833672452870266,2.6142015052766805
10.910868425063924,2.6884333072488054
10.99288497827822,2.7592833312982177
11.064720327549768,2.838241457096848
11.112927443798108,2.9345206581650727
11.164315683200824,3.0282100101537406
11.22060441571054,3.120083446640237
11.276269280784437,3.210776175016406
11.332687499629095,3.302681791158246
11.403554602829276,3.3834468971215546
11.461124852160667,3.4726212883193406
11.481956379403735,3.5759449224923943
11.48787061016557,3.6833215691934
11.49390480513377,3.791436634416692
11.508851900587636,3.895673166583351
11.53647706344906,4.000106663163101
11.56143242037686,4.104938262729565
11.59474982096376,4.20525079888475
11.581951065859068,4.306705842423247
11.550270320076166,4.409132386226751
11.546421837730348,4.516675315507707
11.526942640245863,4.6225891789857725
11.5015093741356,4.7270685944865125
11.486993988455872,4.834898518176075
11.46604357820483,4.941614712536956
11.457610952152848,5.050265658534835
11.45542821627549,5.158475939926547
11.47156010020441,5.265157121045224
11.489078196333242,5.371621503264937
11.5079710639139,5.47784947613062
11.528227156491504,5.583824650162904
11.53806386069392,5.691290273442896
11.531359368747191,5.799334213839406
11.523967090378909,5.907300717115392
11.515884382365163,6.015236097090094
11.507115003475915,6.123113604833121
11.506786912252569,6.2319837427201525
11.517379672533446,6.33905338045751
11.52944539715948,6.446247553510308
11.54294360434223,6.553274049650963
11.55316065036,6.6603660400394045
11.558003761715293,6.768618591794406
11.558714467996031,6.876730921210726
11.565904156482755,6.984654084134963
11.574091979354378,7.092420933374008
11.583394336979463,7.200015068210292
11.588163721249323,7.309369445809085
11.596345614955666,7.417161475918967
11.605638668711867,7.5247809769140925
11.611379558943892,7.6332032362722435
11.612335921096603,7.741943487340239
11.61347328565391,7.850618879721801
11.614818586041633,7.95925435530341
11.616399795724464,8.067915088195022
11.618244261317132,8.176552476148968
11.620386552348135,8.285156068250465
11.622869231415294,8.393706681960149
11.625741265419764,8.50222279819062
11.629059008394416,8.61068617872752
11.621783911927729,8.717364355696747
11.609039218964975,8.824734217547771
11.595615561867996,8.932107423972077
11.581527169328645,9.039394165374064
11.566777651560155,9.146591087323502
11.551370725697383,9.253695556147504
11.535310866607707,9.360704680243442
11.527288953870157,9.470090451743628
11.527965766958143,9.57885330829772
11.528785683898027,9.687605324003584
11.52976766177008,9.796343948037112
11.53093305539518,9.905066427486592
11.532306000826626,10.013745622169326
11.53391730023526,10.122339915295315
11.5358025422317,10.23093167498267
11.537995257773042,10.33952909776903
11.540536542995136,10.448085639055178
11.543476316874813,10.556574555781609
11.54687398296178,10.665028563012752
11.554529092671991,10.773088114845269
11.558859146573004,10.88146250870186
11.563845504497513,10.989716283874149
11.569574193538369,11.097873348684464
11.57614610394033,11.205915582272512
11.586012260842526,11.313570623603525
11.594742804070526,11.42128517104777
11.604697744805438,11.528815650508598
11.616013353235134,11.636124010469526
11.62874465283625,11.743272144653297
11.638324179393942,11.849430898725249
11.621681436803277,11.95643044195609
11.604390903687277,12.063245010909291
11.5864476722796,12.16995190590236
11.567855362771,12.276547613167676
11.54861893070623,12.383029539415627
11.528742975983006,12.489395685788514
11.508245902792185,12.595588690952397
11.504533861232929,12.705743324608065
11.502394836872924,12.814242203538738
11.4999803024151,12.922654046681618
11.472888098305967,13.026022225201173
11.458192840782718,13.132179896612628
11.444955059934111,13.238004746463538
11.425076719822728,13.34177772503458
11.376820320062304,13.43595496907654
11.312614396791908,13.522146705021871
11.249281154789786,13.610747796687589
11.189286498054445,13.694173600916516
11.140036502669732,13.789895778834094
11.090634523804306,13.886113088757666
11.028021892119654,13.974331251436798
10.953347797000456,14.05258885596799
10.878860549043385,14.131027057074556
10.804556891758278,14.209638937583646
10.730433302399431,14.28841780057268
10.656484878982392,14.36735849491186
10.582714868643786,14.446451282951466
10.509279345689333,14.52552210628162
10.43610942864338,14.604640763916429
10.361387433290746,14.684419386122697
10.286209841855234,14.762155017231867
10.211227630610525,14.840080669335784
10.138927696435193,14.919055803696503
10.065494466097,14.998458585906524
9.992216800454573,15.078010956102045
9.919092418536705,15.157709932094962
9.846117553926836,15.237550135501587
9.773288771848428,15.317527098407654
9.690549928273777,15.386215543404276
9.605590719730168,15.45290900154233
9.521000807579416,15.520077135218756
9.436774395246433,15.587708870567658
9.352909097083714,15.65579236347834
9.269404899081234,15.724311113185204
9.18684062872129,15.793104327457076
9.095790003572567,15.84321729240339
8.993566587174048,15.867922649515725
8.890331675616912,15.888885212321355
8.784050455571727,15.888357778151544
8.678098188227482,15.876801691940225
8.575455267378373,15.849053070654326
8.481105544385327,15.799376609120491
8.38842254020777,15.74414814407656
8.281050719646391,15.715244438904453
8.18996355190226,15.780648192717464
8.116087564678033,15.862149978580636
8.00988357417463,15.886367126818996
7.903793182025327,15.905891685629811
7.797976983901938,15.92681711709032
7.69246388362088,15.949131288092092
7.587402309796437,15.97279112012027
7.482969865350273,15.997760376742487
7.377695816254534,16.023709563280097
7.270003187949974,16.02049116213997
7.162778334102073,16.005878787551445
7.055776765487712,15.990609412652974
6.949109345237623,15.974693519092714
6.842256137001029,15.958057500107875
6.735443350163198,15.940751097758811
6.629149463434174,15.931672258119336
6.520436502843769,15.930908636251113
6.411730807324329,15.930021040754678
6.303037934276389,15.928995863839484
6.194355280201383,15.927818602727047
6.085689540432389,15.926473693721896
5.977041963230454,15.924941282499251
5.868429942248008,15.923202807790542
5.759820934049279,15.921236321445376
5.651240287427825,15.91901758814949
5.54268874175903,15.916520928207246
5.434167832415097,15.913719325368882
5.325683131808771,15.91058373661137
5.217257393598764,15.907082789330511
5.109083602807715,15.903179386812411
5.000887550334969,15.89881599661677
4.892640217096705,15.893952000274552
4.78296376776532,15.899881347749648
4.677405918727071,15.916723194540232
4.569387946463777,15.920155253967875
4.460972687685651,15.92402361333068
4.35262525351262,15.928477768469511
4.244358498231913,15.933599327509722
4.136188392355265,15.939479818401525
4.028134981449533,15.946222770658862
3.920222581282183,15.95394380507165
3.81247941959477,15.96276841453163
3.70507722287349,15.972819314327865
3.597433940267229,15.981436554752683
3.491051916701233,15.996521270194911
3.384448482242736,16.013092739788032
3.278076410450425,16.031059831879787
3.1710629985662404,16.044641698066105
3.065080521900095,16.03482799918683
2.9603564788223045,16.007457985025077
2.852826331669557,15.988390588962266
2.745341476495892,15.977929699378016
2.6380073273886637,15.9667652145483
2.530451603106867,15.954867899973053
2.4229710241148985,15.94227962377692
2.3155746706576195,15.92900296998297
2.205766630844861,15.926796850652984
2.0971180420032804,15.928600452845776
1.9884894047316484,15.928854444514096
1.880016110039152,15.931258446972064
1.7715629282302934,15.934051940430647
1.6630932263506062,15.93728687906678
1.5546820075084653,15.941023214135576
1.4463397456951437,15.945331895022544
1.3380794597508463,15.95029275869043
1.2299171167706238,15.955995791753065
1.121872662411182,15.96254209053313
1.0139694089039777,15.970045238472563
0.9054128987840834,15.963649303594426
0.7979024220098997,15.948003092513572
0.6903539316798516,15.935914850575774
0.5830421068794478,15.923153956349491
0.4760179140069718,15.909720792201384
0.3662953249907654,15.905122788301734
0.2578452706000996,15.908683476514565
0.1494575568131385,15.91278894763594
0.041143171696892,15.917515480501374
-0.0670811231426131,15.92294865468484
-0.1750368505876517,15.929179929921972
-0.2826780851368679,15.936329197813333
-0.3903072435897947,15.944544404344784
-0.4978786066291389,15.953945931293209
-0.6052388729936151,15.964659073358993
-0.7124387543431024,15.976806679482063
-0.8198033820282152,15.98481790514048
-0.9282949097681124,15.987947187897898
-1.0367306219918608,15.99156822553048
-1.1450995103155763,15.99575036670394
-1.2530027882306385,15.99678636129432
-1.36149057968369,15.993478728636022
-1.469818385648243,15.992199415989312
-1.5770822818312238,16.00056703877004
-1.6798679291215617,15.970284429870825
-1.7769778156077805,15.927006578179464
-1.8713632312397288,15.87397297060574
-1.9680333431375765,15.831043414300384
-2.066511094133389,15.791096951267797
-2.141007346861904,15.712756966206827
-2.2186834332195544,15.639612052768005
-2.29428063014419,15.562441841775884
-2.3419872018608365,15.464380153328078
-2.382532765895418,15.36342714696589
-2.39724490082281,15.257185944032395
-2.40306176106618,15.150257027750628
-2.413591891240815,15.043985871130756
-2.4297704257336665,14.9373186491589
-2.430264226864637,14.829575549798877
-2.426426626777912,14.72119696867922
-2.422150807787357,14.61285066734472
-2.4174005129556444,14.504540266148036
-2.412138355808453,14.396276942168171
-2.406320655727472,14.288076167924062
-2.399164635085479,14.179912776157822
-2.3901244794797467,14.072407613701552
-2.3822563563442616,13.964761445222662
-2.374735622248484,13.856749397356852
-2.366547377747489,13.74880738896026
-2.3576642472644656,13.640932597092307
-2.3480680892165804,13.533130296156427
-2.3377407340490173,13.425395222196247
-2.3266837470377,13.317730046063788
-2.314901713980139,13.210141619398936
-2.3023975315390763,13.102633282372237
-2.296515031603548,12.994742936751862
-2.2646521364073537,12.892339159319976
-2.223306615365658,12.792213767525736
-2.165931657885896,12.700392940750328
-2.102740707884474,12.615080108794688
-2.0232085618457467,12.544833043540624
-1.9391755697277828,12.48379365458076
-1.8433566895095896,12.438183713413467
-1.744064972500037,12.40329879976534
-1.6446917091295663,12.37305744372598
-1.5407684571806477,12.3562292046451
-1.4349119372561163,12.334122433640877
-1.32779595370722,12.324265659665
-1.2205438631565793,12.312298491425608
-1.1160077581279213,12.27679899207402
-1.017113887150019,12.233658811758977
-0.9112005474702934,12.214160536210262
-0.8050473183443685,12.20517425879441
-0.6997199569255866,12.192473883444617
-0.5911261414081868,12.19451449925371
-0.482556646828172,12.196817282267077
-0.3740140232346031,12.199409492491656
-0.2644913182141259,12.202282613369592
-0.1551156991570045,12.191841406325592
-0.0481822055769953,12.179603258354309
0.0583388820063582,12.16602582934068
0.1649220194159616,12.151052848780054
0.2714761457110725,12.13472348557118
0.3778560560924219,12.117069057880798
0.4830787268390324,12.09638184353059
0.5895350086930802,12.084174229519029
0.6965351017341874,12.070510313153717
0.8063566923063586,12.072538715182468
0.9141080632591928,12.082541445356696
1.0217961522645551,12.093240958088408
1.1294105929470852,12.104634664271192
1.2369493174380657,12.116719744942026
1.3444078230897665,12.129493062987487
1.451783247062577,12.14295007414938
1.559917142574642,12.149262548227991
1.6686532732643804,12.148415041491551
1.7773745473298252,12.147394849290263
1.8858289892817823,12.15567043018309
1.9943496664332507,12.162795992249338
2.1044043693502874,12.164756160618367
2.2113691820332084,12.15080872600602
2.318345376820538,12.129165866071812
2.4199821589633306,12.092886147498955
2.521196526994084,12.055425361832633
2.6228338287016446,12.02288874783246
2.7189363084052967,11.97389182442147
2.812718602761563,11.920360784719456
2.90577647736654,11.866181529943947
2.9982643359119536,11.81125929433508
3.090611181557582,11.75535938992487
3.1825482526723725,11.698680787970666
3.2740337154255896,11.641270565982609
3.357850916311918,11.569358813183898
3.4232760513099625,11.48358551332894
3.4882607976027065,11.397522558372184
3.53702313682794,11.301441579054025
3.577272181189606,11.20118280249968
3.619717499893337,11.102405920501688
3.638631215340341,10.996523639171588
3.63919190491906,10.887046918953258
3.635323961567791,10.778644083218063
3.630854544473368,10.670429523666051
3.6256937058538,10.562454651972862
3.61972970199022,10.454480330309394
3.6128635541799614,10.346527838411156
3.6049843361117575,10.238725258973288
3.5959642753593526,10.131098985238587
3.585668731586165,10.023673369333729
3.578254560652774,9.91463865034631
3.5889990271036707,9.806944585664825
3.5917172205522547,9.699778060203116
3.593649702365642,9.593233954522209
3.6002471533404536,9.485182209981453
3.607534441074397,9.377182305222751
3.615513695658528,9.269232817701727
3.633145421268961,9.161398427050004
3.646426290315343,9.05402369777189
3.66037134915327,8.946703810209685
3.674973171711416,8.839475916491569
3.688389960843106,8.731782054271465
3.6839458281251862,8.622592570752637
3.678821237956444,8.514409217177764
3.6729155502518207,8.406330162111995
3.666124383780492,8.298374398411275
3.6583316345054575,8.19055861377723
3.6494062269940697,8.082909843260698
3.652656190102904,7.9760878481135
3.659148430344205,7.868041422743614
3.666332181072184,7.760041457068119
3.674208065978555,7.652088546923896
3.6827735102733703,7.544187811870418
3.691069358991168,7.436655828172324
3.6943466029169034,7.329798673919901
3.6895888120441342,7.221655280279036
3.681033026900224,7.115712571216182
3.655984483173886,7.011475658983837
3.623454199970891,6.912578387583506
3.600814983185213,6.807367124053234
3.5613817046871508,6.704340024920914
3.5111143811919114,6.609639351117537
3.455860980577751,6.517059897619621
3.3888652045023897,6.430532844182526
3.306289444983636,6.363239803834315
3.2222119254945625,6.295401560638513
3.136749897010176,6.230582374332813
3.054043462681638,6.16189936333607
2.97096453817496,6.093528835898756
2.888133469581071,6.025095424629486
2.8109925019733666,5.95202228691737
2.7093580887184308,5.908564832574307
2.604973279754482,5.896282478443928
2.50025080045669,5.86733790549522
2.3967132249330447,5.840895188696741
2.2931599005039924,5.8080829684414885
2.1870856885822723,5.799584278560962
2.0815703868893323,5.824340669267566
1.9806967401056823,5.856901995282085
1.8784435745032215,5.892048320880646
1.7780266175697876,5.927747074940212
1.6817917798836295,5.97483775578302
1.585639563553628,6.02479502106807
1.4877437008685617,6.070814615096417
1.3887693047404754,6.113740234368875
1.2903394487537692,6.157647620614398
1.192285727519461,6.2025905130020895
1.0946688340367683,6.2485295216455325
0.997510001757464,6.295431770598468
0.9008068990027108,6.343277707539546
0.8037724930447572,6.387362459014131
0.7081408247129223,6.4373410163153695
0.6129668793062636,6.488198562929105
0.5174286791625728,6.536524319115439
0.4227535837303274,6.588314211310313
0.3285364943950016,6.640943597768657
0.2348512037695608,6.694351717536647
0.141888735856148,6.748422888120711
0.0492472054761741,6.8033804165160525
-0.043130818243208,6.85922335151905
-0.1350567238108158,6.91581246320048
-0.2265339418851073,6.973130518715392
-0.3175656451963979,7.031161581431131
-0.4081526707705696,7.0898848655138815
-0.4982969928663034,7.149284275193985
-0.5879025499277435,7.209272575613195
-0.677119509992698,7.269922325043957
-0.7695324984971179,7.325419114290601
-0.8648620631296208,7.375970397514207
-0.9597439156164824,7.427380297506639
-1.054171487465786,7.479626084626574
-1.1481434286906116,7.532689842195399
-1.241661863372692,7.58655285678007
-1.334658116472567,7.641157400861719
-1.4269410752928733,7.696383894582603
-1.5196442630736209,7.752241140940849
-1.6171103796052158,7.798280627348231
-1.7142432302537451,7.845298950248379
-1.8109353267906665,7.893236663545256
-1.9071742804135128,7.942071759384189
-2.002966136807163,7.991792554930578
-2.098310589873627,8.042379755256379
-2.1932057857653007,8.093816447288765
-2.287649086202742,8.146085370694896
-2.381637216687456,8.199171427274438
-2.4751739645153448,8.25305670711871
-2.568256430311518,8.307720278369972
-2.660886704230227,8.363146230133815
-2.753002295638518,8.419281280360934
-2.8446310360177733,8.476115638519172
-2.935880222972955,8.533700009731634
-3.026432353683997,8.591829200837036
-3.116577683175997,8.650691981310532
-3.2081681815953957,8.709797885568344
-3.302419936966912,8.76235299620256
-3.396282408935967,8.81561177965332
-3.489757372021754,8.869556267393486
-3.582849976503117,8.924171427028716
-3.675560193804055,8.979438562589685
-3.76789545769648,9.035342930028104
-3.8582745175574336,9.093969694602826
-3.9499763903657774,9.151059635596196
-4.04125818574582,9.208657115237015
-4.132009380377014,9.266695486908146
-4.228656597455873,9.314664167404215
-4.325156758115601,9.362989986365436
-4.421179555185935,9.412200806453988
-4.516480705085991,9.462158397032876
-4.611308336515456,9.512987783265398
-4.703995233443224,9.566383228380715
-4.794355721699304,9.62539995896548
-4.884447630756226,9.6846326817474
-4.976098442717521,9.742481868708865
-5.070851242018778,9.794122326819704
-5.165141923741039,9.84660233645332
-5.2589758573631125,9.89990425591524
-5.352352923950403,9.954010268860486
-5.445276251489999,10.008902954745157
-5.537748707526436,10.064565091103924
-5.629770801803046,10.12097893634468
-5.723602717271791,10.170915985688634
-5.820984203293306,10.21724930025698
-5.917614821124556,10.26440163029766
-6.013828833894818,10.312525357256224
-6.1098695721222,10.36170952198758
-6.205464447872102,10.411788202736728
-6.300601489410944,10.462735004166264
-6.395285536836854,10.514534137827187
-6.4895148283422905,10.567167857829771
-6.583289735035198,10.620616864903727
-6.676612079175966,10.674862813694808
-6.769481483234197,10.729885257184394
-6.861897584417885,10.78566457233802
-6.953838625656182,10.84216586154598
-7.045226912617783,10.899312762894889
-7.136310000947492,10.957244719044452
-7.226955623745636,11.015616528542717
-7.323226251416623,11.062518992376408
-7.419898902222104,11.110452387576991
-7.516100464331152,11.15927869158961
-7.61230518456308,11.210006330104658
-7.69660718966474,11.276710973216082
-7.782461166083641,11.343025106193416
-7.874365782722154,11.39965239877503
-7.965831012988753,11.456993298942274
-8.05686400604999,11.515034002149694
-8.147463922049452,11.573754422766196
-8.23763748425908,11.633140699090225
-8.327386778288904,11.69317784729029
-8.416713675357466,11.753847765951283
-8.505623595960587,11.815136211550657
-8.594118859631532,11.87702846203108
-8.68219935978004,11.939505555412184
-8.769870937807864,12.002555274251014
-8.858174526215624,12.062840525325411
-8.955556061581408,12.109314113516769
-9.051892441945492,12.155266355233923
-9.147681908767035,12.20498684969125
-9.247662291859584,12.24333947526094
-9.346778229829011,12.288111907079523
-9.43936087613516,12.339375343462208
-9.53090207977004,12.396595092785166
-9.62196956420208,12.454502219180243
-9.714325223057454,12.513376827168129
-9.799315914844058,12.575730877901266
-9.88125680356464,12.64647850609876
-9.961340061286087,12.718558928297522
-10.044691861969376,12.786132535725004
-10.12951395546089,12.852986704466206
-10.210891333252867,12.92247617150576
-10.301581297743066,12.981064743165858
-10.389366921713366,13.044031128198547
-10.476815856447338,13.107348429937968
-10.557990518201605,13.175627271557374
-10.64723367983739,13.236839684731772
-10.73374500154156,13.300441313420194
-10.816346064793674,13.370961209437043
-10.889513645326405,13.447739807843204
-10.952885194702802,13.534579078161892
-11.021509490580202,13.617509209449556
-11.097107701726276,13.694834668426113
-11.170926608672898,13.775296784950992
-11.23570797449792,13.861834316631755
-11.300347422452802,13.948182067440069
-11.36508725744537,14.034650180957703
-11.425425958352577,14.123819167633034
-11.490649804642324,14.207708614921318
-11.562804109307416,14.288273824259605
-11.634837132218124,14.36894916389408
-11.706752066183464,14.449732424244806
-11.778554653829412,14.530620392520442
-11.857640787101207,14.602150865983656
-11.925377084168286,14.687385445026193
-12.005755740083218,14.756491671637272
-12.0879918066904,14.825787980346924
-12.162111117563764,14.903918030332536
-12.2370051167239,14.980827395354584
-12.31901535616702,15.047993493493273
-12.399520160292608,15.11883707605102
-12.491162918147424,15.177495602307353
-12.584991858677,15.230018957461809
-12.676573067003984,15.285997528690531
-12.768816416705816,15.3426883735977
-12.864082460168005,15.38832957155471
-12.96732906964534,15.421406033975927
-13.067805000171374,15.458429013684118
-13.170984657887413,15.48993645133
-13.274893596654854,15.514864513767243
-13.38024258216882,15.537613539803516
-13.484847301326464,15.5631101199526
-13.587690128280926,15.586338664855326
-13.69253280518197,15.616754684717533
-13.791026976341866,15.662260220653492
-13.88856864463029,15.705229598973451
-13.990224215319964,15.741372051414242
-14.090651804571673,15.782990731677724
-14.189403676967276,15.8264869294567
-14.290686627252688,15.861041749144736
-14.389870249437829,15.899332037163624
-14.48773739338349,15.944791545848894
-14.58794684952984,15.982478773988351
-14.68853967428702,16.018352215050836
-14.787253692776371,16.06113004309219
-14.887772352316071,16.100591400919022
-14.990697407831052,16.121324741902697
-15.094708955490994,16.112540887929615
-15.19817704395085,16.085881816894197
-15.30355300823077,16.080286490135368
-15.410999505884186,16.080474413970038
-15.519678134943405,16.077891930967084
-15.627184954140755,16.07979085175348
-15.735438763580152,16.081933106704273
-15.842597021131734,16.081334677597393
-15.95215292144297,16.076966333884897
-16.058143481930077,16.05603053777989
-16.165689302643052,16.05069572603797
-16.27030481914791,16.069134910306197
-16.37696185641643,16.068847344701396
-16.464232162043974,16.003642953703466
-16.552964756608787,15.94591896059428
-16.651908468529527,15.901223874925968
-16.749960270364095,15.857244403713008
-16.849667432921045,15.814030300010671
-16.950514764154814,15.7755179206793
-17.03647633997448,15.71591892308093
-17.105983603515988,15.633330273137137
-17.173433408423627,15.551967856618663
-17.257521147294554,15.483993516952516
-17.341319771895403,15.41740210879641
-17.404805989909878,15.32965680815668
-17.470988560916293,15.245905951729757
-17.527790332489285,15.155459102645931
-17.59452212280356,15.071619439036548
-17.663622896585405,14.989955187268608
-17.729643107383787,14.905360850861156
-17.798338822345702,14.82352950889648
-17.86277863387855,14.739045044778903
-17.922574877685303,14.648158879734128
-17.97479488947677,14.552560154505477
-18.0237028211668,14.457200621551609
-18.064426134435777,14.359186732792672
-18.0947394075574,14.255464335565613
-18.12355473942225,14.152210535378146
-18.148932289364623,14.04600773608296
-18.17199457066301,13.940926346119513
-18.19729734830244,13.836236555124897
-18.220387741814964,13.732244600518309
-18.258896841318727,13.63245787459811
-18.29987392346757,13.533540472202231
-18.316049587344217,13.428033567921796
-18.320712200357168,13.320349735302011
-18.335705579389327,13.215541733461114
-18.347883873360185,13.109577496193584
-18.35952660434076,13.002395183719418
-18.37251247607972,12.89530139069197
-18.375327615216552,12.787637372628629
-18.375178397142843,12.678879573157907
-18.37496146713665,12.570128601291575
-18.37467107506012,12.461382556524583
-18.374301907192137,12.352642253968476
-18.37356027015987,12.24433591430988
-18.36352554260348,12.136585523513023
-18.358462452829983,12.027838663666982
-18.354699988657345,11.919432688600477
-18.35048382356477,11.811074065353656
-18.3457681624763,11.702773677884222
-18.34050123426281,11.594540779326538
-18.33462941267418,11.486382437084009
-18.32809600906837,11.378311158262209
-18.320850266145133,11.270328395323125
-18.31288258834717,11.162423006270188
-18.30572181115102,11.05640185118231
-18.303639352191396,10.94782604449992
-18.311661672018197,10.840733916057966
-18.326181912764667,10.73589716882534
-18.36239781778117,10.633778876303246
-18.343632721889467,10.53026210527147
-18.297786893366656,10.43243224330346
-18.244363345475907,10.338755978546436
-18.19924121556317,10.23944121922834
-18.165320057564287,10.138842992208016
-18.14759762045709,10.034248523262264
-18.12865864758005,9.927906133911838
-18.111507198286454,9.82179254421645
-18.107549610658,9.71415094150386
-18.090010103990068,9.611189289862455
-18.05808797491694,9.507618961457077
-18.01109890457282,9.408651998740556
-17.970738958911337,9.310292248939128
-17.925618535105862,9.212915194485124
-17.882104193426265,9.1149298798767
-17.85305986677715,9.013733103419758
-17.839495587221133,8.906830690938422
-17.804245071822624,8.806564357877301
-17.768800105983416,8.705022358555015
-17.741015475829123,8.602722454897522
-17.694359862468016,8.504998008524797
-17.656858968515138,8.40533262201431
-17.62374662893188,8.30307484509485
-17.579484333635918,8.204151841703698
-17.539807990538304,8.10578874531303
-17.505222009001727,8.00393311188416
-17.49158694711762,7.896154823223227
-17.49517470676477,7.787712498560634
-17.49652732284625,7.680203186484759
-17.49064521811458,7.572724848205754
-17.482285315215698,7.466070077965412
-17.472450521540193,7.359012378796524
-17.474731291400374,7.250536586383018
-17.47465750029165,7.14330087707385
-17.44315217873525,7.041447972871921
-17.39966264611886,6.941431879731954
-17.37673245305445,6.834368829534622
-17.36052902718432,6.727374583411492
-17.343662659954337,6.620480234960899
-17.338636763930374,6.513783102647424
-17.34179388170841,6.404740727268365
-17.348505215220545,6.297126432201196
-17.35140868083375,6.189591824421972
-17.353978815375974,6.0810471507767065
-17.35696619134191,5.972684044313279
-17.362635443826676,5.866202612759419
-17.34653691197876,5.7603547819724525
-17.33941289810907,5.652769094419061
-17.32917395145052,5.545183417556619
-17.316819566309867,5.437034097647407
-17.30388347980726,5.329571256653556
-17.285463689515456,5.225117708414572
-17.272493799813475,5.11736827559934
-17.247260467526427,5.0116677110576
-17.22138709316078,4.909878712617659
-17.208297084912623,4.802460517001436
-17.164891256295657,4.7055994054400525
-17.11768762661948,4.608275821597228
-17.070413386608024,4.510984909500426
-17.02607772548903,4.412324201882044
-16.979832745341128,4.315488792448401
-16.933887476206017,4.218712124614314
-16.887990751469246,4.119887533225573
-16.840556680250923,4.023282914769069
-16.79031738895861,3.927493637156101
-16.740275502263575,3.831574747596747
-16.69403552381474,3.734170823047722
-16.64040599273417,3.641270941405879
-16.581423595330772,3.553093605574526
-16.519931332899333,3.4641498916477813
-16.453460248893236,3.3768266452240034
-16.389220774194804,3.29065373589668
-16.31875855819805,3.208221664518605
-16.25610796425326,3.119483642227849
-16.21167799358612,3.020717382633394
-16.168401523254783,2.921192868697304
-16.1182362451026,2.8255486075614424
-16.06693030719284,2.7317204695226494
-16.002691021999787,2.6443888702110647
-15.93155710633479,2.566676180344953
-15.85681345761424,2.489426347337621
-15.762651879480462,2.4329410253420107
-15.685666581446718,2.3575940159573965
-15.605962158339096,2.2871160752787296
-15.524845307138996,2.21944540398304
-15.437764167562246,2.1563989741480496
-15.353710243745082,2.0899539906512348
-15.265701502390051,2.028985158250576
-15.173230886962454,1.974160979472846
-15.073384998313813,1.9356109301979656
-14.973027048944516,1.8932971700249157
-14.87916294955826,1.840500336017454
-14.78319637586058,1.789796849189706
-14.69010757394364,1.7359026575989094
-14.601888064853531,1.677410834230036
-14.506366132150651,1.6257697909000113
-14.41162941917712,1.5729716431778975
-14.31327901246788,1.5285997335562973
-14.21377627423762,1.4846071933454283
-14.114212019309951,1.444583180394383
-14.013364474329212,1.4086547485462508
-13.912260233746355,1.3749289913116465
-13.808554466976831,1.3431029956379752
-13.705567307096109,1.312307742614483
-13.603544636284967,1.2772347013893943
-13.502793120938971,1.2414581619503542
-13.400756984947533,1.214268835083412
-13.29366477940338,1.2110467388428434
-13.185492080292924,1.206513533760216
-13.077806950669162,1.214515853991607
-12.971350243081254,1.2202559896436609
-12.866398395127494,1.207498180937157
-12.760544850384887,1.189766201212393
-12.655720570222693,1.1651195051887884
-12.5493846583617,1.146667322467127
-12.442950199161032,1.128786054919801
-12.335304634269288,1.1269789178789738
-12.226622236898994,1.1256698635133535
-12.117959720429798,1.1241340486667315
-12.009319731896108,1.12234161280998
-11.900704855947978,1.1202580798513344
-11.792122214205758,1.1178423108961626
-11.683578132030345,1.115045899973006
-11.575079730505289,1.1118135914320777
-11.466635589630888,1.1080830727290565
-11.358256507312191,1.1037839209833238
-11.24995502228482,1.0988371674270554
-11.141876608924248,1.0931738865564866
-11.033483805575363,1.0893394487958572
-10.925331799669,1.0849195733506611
-10.817244741060655,1.0798191004657047
-10.710873605028477,1.0694269493936035
-10.603229588440652,1.0604487825618791
-10.495810074503757,1.0502168432636096
-10.38854871653926,1.0386031439141254
-10.281451930608542,1.025575890077708
-10.174539702861898,1.0111422150211795
-10.067827029458137,0.995312343689264
-9.960105983677108,0.990279664541225
-9.851715494007374,0.9940939836911974
-9.743377602418768,0.9983469135478478
-9.635097238233788,1.0030845454098207
-9.526883048831934,1.0083570683751018
-9.418989755561656,1.009496935578048
-9.315139987761553,0.982707851955978
-9.209007696277853,0.9628257549776412
-9.105943016512484,0.9373977553041788
-8.998124113789613,0.9253986566179888
-8.89169645284844,0.9149565530898908
-8.784199757820739,0.9090186473419342
-8.675742548645381,0.9017011553839198
-8.573624458739062,0.8730476028793589
-8.468827906139914,0.8452324573443241
-8.365327386484871,0.8148865007831302
-8.262665646492144,0.7833410771828262
-8.162329649034294,0.7482874823444788
-8.062877152294917,0.7065263361650314
-7.965731329099453,0.6603827642175181
-7.869202014930337,0.6186086913030457
-7.769210173980223,0.5889729496598071
-7.666231685031897,0.5629625285469865
-7.561279783665616,0.5357180847234232
-7.457900648511587,0.502363416561687
-7.354232063442877,0.4725292400899309
-7.252625714532105,0.4414671880694233
-7.150098933294707,0.4083635209070577
-7.052544633925203,0.3646790163247184
-6.94800969316019,0.3363466641426805
-6.84398131879658,0.3119549258816221
-6.73886664240371,0.2863479765593339
-6.637333569589599,0.250145894685844
-6.533122920871456,0.2184830980632796
-6.429985757632259,0.1871245966538912
-6.32752194678839,0.1550654056511469
-6.225340474353581,0.1228987234432063
-6.125206126774244,0.0785306145629854
-6.029190618059269,0.0292587175011565
-5.927817738538078,0.0063289202430074
-5.819900284809133,0.0033095436739263
-5.711480304023067,0.0023210510914781
-5.605147934434849,0.0142473591986783
-5.497774073527437,0.0207948536080427
-5.389140384624075,0.0227008086772543
-5.280435743028648,0.0236895168648137
-5.171746913318086,0.0248415063238586
-5.063077874938805,0.026174392415669
-4.95444528708505,0.027705553754695
-4.8458335896133296,0.0294557664776798
-4.737374341459009,0.0314500173668341
-4.628881429617959,0.0337194199290978
-4.520364632515438,0.0362843472039976
-4.411880826342428,0.0391729718352621
-4.303433484156875,0.042415041523725
-4.195027112427679,0.046044438368207
-4.088500669137321,0.0586008714939242
-3.981326784866032,0.0735337250087693
-3.874244814257121,0.0891181053748959
-3.764554822504549,0.0914586577577844
-3.655987316278935,0.0922336681121732
-3.5474165113905656,0.0931302238629129
-3.4388463612856843,0.0941601956284625
-3.3302782422832804,0.0953378348797163
-3.221711109869384,0.0966769957123654
-3.113147829950777,0.0981934078003395
-3.0045962595061475,0.0999057099521681
-2.8960579410669007,0.1018342253022194
-2.78753622084589,0.1039987600164337
-2.6791838908592585,0.1063956440019875
-2.5708359214685914,0.109105206709793
-2.4623818423575026,0.1121333586599992
-2.35395319469705,0.1155073861206654
-2.2455523586820143,0.1192571442027557
-2.1371421127084367,0.1220344174552442
